what,kind,bundleId,bundleVersion,description,time
activated,perspective,org.eclipse.jst.j2ee.ui,,"org.eclipse.jst.j2ee.J2EEPerspective",1302542980578
started,bundle,org.eclipse.osgi,3.5.2.R35x_v20100126,"org.eclipse.osgi",1302542980579
started,bundle,org.eclipse.equinox.simpleconfigurator,1.0.101.R35x_v20090807-1100,"org.eclipse.equinox.simpleconfigurator",1302542980580
started,bundle,com.ibm.icu,4.0.1.v20090822,"com.ibm.icu",1302542980581
started,bundle,org.eclipse.compare,3.5.2.r35x_20100113-0800,"org.eclipse.compare",1302542980582
started,bundle,org.eclipse.core.contenttype,3.4.1.R35x_v20090826-0451,"org.eclipse.core.contenttype",1302542980583
started,bundle,org.eclipse.core.databinding.observable,1.2.0.M20090902-0800,"org.eclipse.core.databinding.observable",1302542980584
started,bundle,org.eclipse.core.expressions,3.4.101.R35x_v20100209,"org.eclipse.core.expressions",1302542980585
started,bundle,org.eclipse.core.filebuffers,3.5.0.v20090526-2000,"org.eclipse.core.filebuffers",1302542980586
started,bundle,org.eclipse.core.filesystem,1.2.1.R35x_v20091203-1235,"org.eclipse.core.filesystem",1302542980586
started,bundle,org.eclipse.core.jobs,3.4.100.v20090429-1800,"org.eclipse.core.jobs",1302542980587
started,bundle,org.eclipse.core.net,1.2.1.r35x_20090812-1200,"org.eclipse.core.net",1302542980588
started,bundle,org.eclipse.core.resources,3.5.2.R35x_v20091203-1235,"org.eclipse.core.resources",1302542980588
started,bundle,org.eclipse.core.runtime,3.5.0.v20090525,"org.eclipse.core.runtime",1302542980590
started,bundle,org.eclipse.core.runtime.compatibility,3.2.0.v20090413,"org.eclipse.core.runtime.compatibility",1302542980591
started,bundle,org.eclipse.core.runtime.compatibility.auth,3.2.100.v20090413,"org.eclipse.core.runtime.compatibility.auth",1302542980591
started,bundle,org.eclipse.debug.core,3.5.1.v20091103_r352,"org.eclipse.debug.core",1302542980592
started,bundle,org.eclipse.ecf,3.0.0.v20090831-1906,"org.eclipse.ecf",1302542980593
started,bundle,org.eclipse.ecf.filetransfer,3.0.0.v20090831-1906,"org.eclipse.ecf.filetransfer",1302542980594
started,bundle,org.eclipse.ecf.identity,3.0.0.v20090831-1906,"org.eclipse.ecf.identity",1302542980595
started,bundle,org.eclipse.ecf.provider.filetransfer,3.0.1.v20090831-1906,"org.eclipse.ecf.provider.filetransfer",1302542980596
started,bundle,org.eclipse.ecf.provider.filetransfer.httpclient,3.0.1.v20090831-1906,"org.eclipse.ecf.provider.filetransfer.httpclient",1302542980596
started,bundle,org.eclipse.emf.common,2.5.0.v200906151043,"org.eclipse.emf.common",1302542980596
started,bundle,org.eclipse.emf.common.ui,2.5.0.v200906151043,"org.eclipse.emf.common.ui",1302542980596
started,bundle,org.eclipse.emf.ecore,2.5.0.v200906151043,"org.eclipse.emf.ecore",1302542980596
started,bundle,org.eclipse.emf.ecore.xmi,2.5.0.v200906151043,"org.eclipse.emf.ecore.xmi",1302542980597
started,bundle,org.eclipse.emf.edit,2.5.0.v200906151043,"org.eclipse.emf.edit",1302542980597
started,bundle,org.eclipse.emf.edit.ui,2.5.0.v200906151043,"org.eclipse.emf.edit.ui",1302542980597
started,bundle,org.eclipse.epp.usagedata.gathering,1.1.1.R201001291118,"org.eclipse.epp.usagedata.gathering",1302542980598
started,bundle,org.eclipse.epp.usagedata.recording,1.1.1.R201001291118,"org.eclipse.epp.usagedata.recording",1302542980598
started,bundle,org.eclipse.equinox.app,1.2.1.R35x_v20091203,"org.eclipse.equinox.app",1302542980599
started,bundle,org.eclipse.equinox.common,3.5.1.R35x_v20090807-1100,"org.eclipse.equinox.common",1302542980600
started,bundle,org.eclipse.equinox.ds,1.1.1.R35x_v20090806,"org.eclipse.equinox.ds",1302542980600
started,bundle,org.eclipse.equinox.frameworkadmin,1.0.100.v20090520-1905,"org.eclipse.equinox.frameworkadmin",1302542980601
started,bundle,org.eclipse.equinox.frameworkadmin.equinox,1.0.101.R35x_v20091214,"org.eclipse.equinox.frameworkadmin.equinox",1302542980601
started,bundle,org.eclipse.equinox.p2.artifact.repository,1.0.101.R35x_v20090721,"org.eclipse.equinox.p2.artifact.repository",1302542980602
started,bundle,org.eclipse.equinox.p2.core,1.0.101.R35x_v20090819,"org.eclipse.equinox.p2.core",1302542980604
started,bundle,org.eclipse.equinox.p2.director,1.0.101.R35x_v20100112,"org.eclipse.equinox.p2.director",1302542980605
started,bundle,org.eclipse.equinox.p2.directorywatcher,1.0.100.v20090525,"org.eclipse.equinox.p2.directorywatcher",1302542980605
started,bundle,org.eclipse.equinox.p2.engine,1.0.102.R35x_v20091117,"org.eclipse.equinox.p2.engine",1302542980607
started,bundle,org.eclipse.equinox.p2.exemplarysetup,1.0.100.v20090520-1905,"org.eclipse.equinox.p2.exemplarysetup",1302542980607
started,bundle,org.eclipse.equinox.p2.garbagecollector,1.0.100.v20090520-1905,"org.eclipse.equinox.p2.garbagecollector",1302542980608
started,bundle,org.eclipse.equinox.p2.metadata.repository,1.0.101.R35x_v20090812,"org.eclipse.equinox.p2.metadata.repository",1302542980609
started,bundle,org.eclipse.equinox.p2.publisher,1.0.1.R35x_20100105,"org.eclipse.equinox.p2.publisher",1302542980610
started,bundle,org.eclipse.equinox.p2.reconciler.dropins,1.0.100.v20090520-1905,"org.eclipse.equinox.p2.reconciler.dropins",1302542980611
started,bundle,org.eclipse.equinox.p2.repository,1.0.1.R35x_v20100105,"org.eclipse.equinox.p2.repository",1302542980612
started,bundle,org.eclipse.equinox.p2.ui.sdk.scheduler,1.0.0.v20090520-1905,"org.eclipse.equinox.p2.ui.sdk.scheduler",1302542980613
started,bundle,org.eclipse.equinox.p2.updatechecker,1.1.0.v20090520-1905,"org.eclipse.equinox.p2.updatechecker",1302542980613
started,bundle,org.eclipse.equinox.preferences,3.2.301.R35x_v20091117,"org.eclipse.equinox.preferences",1302542980614
started,bundle,org.eclipse.equinox.registry,3.4.100.v20090520-1800,"org.eclipse.equinox.registry",1302542980615
started,bundle,org.eclipse.equinox.security,1.0.100.v20090520-1800,"org.eclipse.equinox.security",1302542980616
started,bundle,org.eclipse.equinox.simpleconfigurator.manipulator,1.0.101.R35x_v20100209,"org.eclipse.equinox.simpleconfigurator.manipulator",1302542980617
started,bundle,org.eclipse.equinox.util,1.0.100.v20090520-1800,"org.eclipse.equinox.util",1302542980618
started,bundle,org.eclipse.help,3.4.1.v20090805_35x,"org.eclipse.help",1302542980619
started,bundle,org.eclipse.jdt.core,3.5.2.v_981_R35x,"org.eclipse.jdt.core",1302542980621
started,bundle,org.eclipse.jdt.core.manipulation,1.3.0.v20090603,"org.eclipse.jdt.core.manipulation",1302542980622
started,bundle,org.eclipse.jdt.ui,3.5.2.r352_v20100106-0800,"org.eclipse.jdt.ui",1302542980626
started,bundle,org.eclipse.jem,2.0.301.v201001252130,"org.eclipse.jem",1302542980627
started,bundle,org.eclipse.jem.util,2.0.201.v201001252130,"org.eclipse.jem.util",1302542980627
started,bundle,org.eclipse.jface,3.5.2.M20100120-0800,"org.eclipse.jface",1302542980628
started,bundle,org.eclipse.jpt.core,2.2.1.v200908270220,"org.eclipse.jpt.core",1302542980630
started,bundle,org.eclipse.jpt.eclipselink.core,1.2.0.v200905310000,"org.eclipse.jpt.eclipselink.core",1302542980631
started,bundle,org.eclipse.jsch.core,1.1.100.I20090430-0408,"org.eclipse.jsch.core",1302542980632
started,bundle,org.eclipse.jst.common.project.facet.core,1.4.1.v200911141836,"org.eclipse.jst.common.project.facet.core",1302542980632
started,bundle,org.eclipse.jst.j2ee,1.1.301.v201001272230,"org.eclipse.jst.j2ee",1302542980633
started,bundle,org.eclipse.jst.j2ee.core,1.1.301.v200911302230,"org.eclipse.jst.j2ee.core",1302542980635
started,bundle,org.eclipse.jst.j2ee.ui,1.1.301.v201001252130,"org.eclipse.jst.j2ee.ui",1302542980636
started,bundle,org.eclipse.jst.j2ee.webservice,1.1.300.v200901220600,"org.eclipse.jst.j2ee.webservice",1302542980637
started,bundle,org.eclipse.jst.j2ee.webservice.ui,1.1.300.v200902052230,"org.eclipse.jst.j2ee.webservice.ui",1302542980638
started,bundle,org.eclipse.jst.jee,1.0.201.v201002021055,"org.eclipse.jst.jee",1302542980639
started,bundle,org.eclipse.jst.jsf.common,1.1.9.v201001271707,"org.eclipse.jst.jsf.common",1302542980640
started,bundle,org.eclipse.jst.jsf.core,1.2.5.v201001271707,"org.eclipse.jst.jsf.core",1302542980642
started,bundle,org.eclipse.team.core,3.5.1.r35x_20100113-0800,"org.eclipse.team.core",1302542980643
started,bundle,org.eclipse.team.cvs.core,3.3.200.I20090430-0408,"org.eclipse.team.cvs.core",1302542980644
started,bundle,org.eclipse.team.cvs.ui,3.3.202.r35x_20090930-0800,"org.eclipse.team.cvs.ui",1302542980646
started,bundle,org.eclipse.team.ui,3.5.0.I20090430-0408,"org.eclipse.team.ui",1302542980648
started,bundle,org.eclipse.ui,3.5.2.M20100120-0800,"org.eclipse.ui",1302542980649
started,bundle,org.eclipse.ui.browser,3.2.301.v20091215_35x,"org.eclipse.ui.browser",1302542980651
started,bundle,org.eclipse.ui.console,3.4.0.v20090513,"org.eclipse.ui.console",1302542980652
started,bundle,org.eclipse.ui.editors,3.5.0.v20090527-2000,"org.eclipse.ui.editors",1302542980652
started,bundle,org.eclipse.ui.forms,3.4.1.v20090714_35x,"org.eclipse.ui.forms",1302542980654
started,bundle,org.eclipse.ui.ide,3.5.2.M20100113-0800,"org.eclipse.ui.ide",1302542980655
started,bundle,org.eclipse.ui.intro,3.3.2.v20100111_35x,"org.eclipse.ui.intro",1302542980657
started,bundle,org.eclipse.ui.navigator,3.4.2.M20100120-0800,"org.eclipse.ui.navigator",1302542980658
started,bundle,org.eclipse.ui.navigator.resources,3.4.1.M20090826-0800,"org.eclipse.ui.navigator.resources",1302542980658
started,bundle,org.eclipse.ui.net,1.2.1.r35x_20090812-1200,"org.eclipse.ui.net",1302542980659
started,bundle,org.eclipse.ui.views,3.4.1.M20090826-0800,"org.eclipse.ui.views",1302542980660
started,bundle,org.eclipse.ui.workbench,3.5.2.M20100113-0800,"org.eclipse.ui.workbench",1302542980661
started,bundle,org.eclipse.ui.workbench.texteditor,3.5.1.r352_v20100105,"org.eclipse.ui.workbench.texteditor",1302542980662
started,bundle,org.eclipse.update.configurator,3.3.0.v20090312,"org.eclipse.update.configurator",1302542980663
started,bundle,org.eclipse.update.core,3.2.300.v20090525,"org.eclipse.update.core",1302542980664
started,bundle,org.eclipse.update.scheduler,3.2.200.v20081127,"org.eclipse.update.scheduler",1302542980665
started,bundle,org.eclipse.wst.common.emf,1.1.301.v200908181930,"org.eclipse.wst.common.emf",1302542980665
started,bundle,org.eclipse.wst.common.emfworkbench.integration,1.1.301.v200908101600,"org.eclipse.wst.common.emfworkbench.integration",1302542980666
started,bundle,org.eclipse.wst.common.frameworks,1.1.300.v200904160730,"org.eclipse.wst.common.frameworks",1302542980667
started,bundle,org.eclipse.wst.common.frameworks.ui,1.1.301.v200908101600,"org.eclipse.wst.common.frameworks.ui",1302542980667
started,bundle,org.eclipse.wst.common.modulecore,1.1.301.v201001252130,"org.eclipse.wst.common.modulecore",1302542980669
started,bundle,org.eclipse.wst.common.project.facet.core,1.4.1.v200911141735,"org.eclipse.wst.common.project.facet.core",1302542980669
started,bundle,org.eclipse.wst.jsdt.core,1.0.201.v2010012803,"org.eclipse.wst.jsdt.core",1302542980670
started,bundle,org.eclipse.wst.jsdt.manipulation,1.0.100.v200809240707,"org.eclipse.wst.jsdt.manipulation",1302542980671
started,bundle,org.eclipse.wst.jsdt.ui,1.0.201.v2010012803,"org.eclipse.wst.jsdt.ui",1302542980671
started,bundle,org.eclipse.wst.sse.core,1.1.402.v201001251516,"org.eclipse.wst.sse.core",1302542980672
started,bundle,org.eclipse.wst.validation,1.2.104.v200911120201,"org.eclipse.wst.validation",1302542980673
started,bundle,org.eclipse.wst.web,1.1.301.v200911302230,"org.eclipse.wst.web",1302542980674
started,bundle,org.eclipse.wst.ws.service.policy.ui,1.0.102.v200903070248,"org.eclipse.wst.ws.service.policy.ui",1302542980675
started,bundle,org.eclipse.wst.xml.core,1.1.402.v201001222130,"org.eclipse.wst.xml.core",1302542980676
started,bundle,com.perforce.team.core,2010.1.275861,"com.perforce.team.core",1302542980676
started,bundle,com.perforce.team.ui,2010.1.275861,"com.perforce.team.ui",1302542980677
started,bundle,org.eclipse.mylyn.bugzilla.core,3.4.2.v20100902-0100-e3x,"org.eclipse.mylyn.bugzilla.core",1302542980678
started,bundle,org.eclipse.mylyn.bugzilla.ui,3.4.2.v20100909-0100-e3x,"org.eclipse.mylyn.bugzilla.ui",1302542980679
started,bundle,org.eclipse.mylyn.commons.net,3.4.1.v20100625-2100-e3x,"org.eclipse.mylyn.commons.net",1302542980679
started,bundle,org.eclipse.mylyn.commons.ui,3.4.0.v20100608-0100-e3x,"org.eclipse.mylyn.commons.ui",1302542980680
started,bundle,org.eclipse.mylyn.context.core,3.4.1.v20100909-0100-e3x,"org.eclipse.mylyn.context.core",1302542980681
started,bundle,org.eclipse.mylyn.context.ui,3.4.1.v20100909-0100-e3x,"org.eclipse.mylyn.context.ui",1302542980682
started,bundle,org.eclipse.mylyn.monitor.ui,3.4.0.v20100608-0100-e3x,"org.eclipse.mylyn.monitor.ui",1302542980683
started,bundle,org.eclipse.mylyn.tasks.ui,3.4.2.v20100902-0100-e3x,"org.eclipse.mylyn.tasks.ui",1302542980684
started,bundle,org.eclipse.mylyn.team.ui,3.4.2.v20100909-0100-e3x,"org.eclipse.mylyn.team.ui",1302542980685
started,bundle,com.collabnet.subversion.merge,2.2.1,"com.collabnet.subversion.merge",1302542980685
started,bundle,org.tigris.subversion.clientadapter,1.6.12,"org.tigris.subversion.clientadapter",1302542980685
started,bundle,org.tigris.subversion.subclipse.core,1.6.15,"org.tigris.subversion.subclipse.core",1302542980685
started,bundle,org.tigris.subversion.subclipse.mylyn,3.0.0,"org.tigris.subversion.subclipse.mylyn",1302542980685
started,bundle,org.tigris.subversion.subclipse.tools.usage,1.0.1,"org.tigris.subversion.subclipse.tools.usage",1302542980685
started,bundle,org.tigris.subversion.subclipse.ui,1.6.16,"org.tigris.subversion.subclipse.ui",1302542980687
started,bundle,com.adobe.flash.codemodel.core,4.0.1.277662,"com.adobe.flash.codemodel.core",1302542980688
started,bundle,com.adobe.flash.codemodel.osgi,4.0.1.277662,"com.adobe.flash.codemodel.osgi",1302542980688
started,bundle,com.adobe.flash.profiler,4.0.1.277662,"com.adobe.flash.profiler",1302542980689
started,bundle,com.adobe.flexbuilder.ajaxbridge,4.0.1.277662,"com.adobe.flexbuilder.ajaxbridge",1302542980690
started,bundle,com.adobe.flexbuilder.as.editor,4.0.1.277662,"com.adobe.flexbuilder.as.editor",1302542980691
started,bundle,com.adobe.flexbuilder.dcrad,4.0.1.277662,"com.adobe.flexbuilder.dcrad",1302542980692
started,bundle,com.adobe.flexbuilder.debug.ui,4.0.1.277662,"com.adobe.flexbuilder.debug.ui",1302542980693
started,bundle,com.adobe.flexbuilder.editorcore,4.0.1.277662,"com.adobe.flexbuilder.editorcore",1302542980695
started,bundle,com.adobe.flexbuilder.editors.derived,4.0.1.277662,"com.adobe.flexbuilder.editors.derived",1302542980695
started,bundle,com.adobe.flexbuilder.exportimport,4.0.1.277662,"com.adobe.flexbuilder.exportimport",1302542980696
started,bundle,com.adobe.flexbuilder.flashbridge,4.0.1.277662,"com.adobe.flexbuilder.flashbridge",1302542980697
started,bundle,com.adobe.flexbuilder.flexunit,4.0.1.277662,"com.adobe.flexbuilder.flexunit",1302542980698
started,bundle,com.adobe.flexbuilder.importartwork,4.0.1.277662,"com.adobe.flexbuilder.importartwork",1302542980699
started,bundle,com.adobe.flexbuilder.launching.ui,4.0.1.277662,"com.adobe.flexbuilder.launching.ui",1302542980701
started,bundle,com.adobe.flexbuilder.multisdk,4.0.1.277662,"com.adobe.flexbuilder.multisdk",1302542980718
started,bundle,com.adobe.flexbuilder.mxml.editor,4.0.1.277662,"com.adobe.flexbuilder.mxml.editor",1302542980722
started,bundle,com.adobe.flexbuilder.mxmlmodel,4.0.1.277662,"com.adobe.flexbuilder.mxmlmodel",1302542980723
started,bundle,com.adobe.flexbuilder.project,4.0.1.277662,"com.adobe.flexbuilder.project",1302542980723
started,bundle,com.adobe.flexbuilder.project.ui,4.0.1.277662,"com.adobe.flexbuilder.project.ui",1302542980723
started,bundle,com.adobe.flexbuilder.ui,4.0.1.277662,"com.adobe.flexbuilder.ui",1302542980724
started,bundle,com.adobe.flexbuilder.utils.osnative,4.0.1.277662,"com.adobe.flexbuilder.utils.osnative",1302542980725
started,bundle,com.adobe.flexide.amt,4.0.1.277662,"com.adobe.flexide.amt",1302542980725
started,bundle,com.adobe.flexide.as.core,4.0.1.277662,"com.adobe.flexide.as.core",1302542980726
started,bundle,com.adobe.flexide.css.core,4.0.1.277662,"com.adobe.flexide.css.core",1302542980728
started,bundle,com.adobe.flexide.editorcore,4.0.1.277662,"com.adobe.flexide.editorcore",1302542980729
started,bundle,com.adobe.flexide.externaleditors,4.0.1.277662,"com.adobe.flexide.externaleditors",1302542980730
started,bundle,com.adobe.flexide.launching,4.0.1.277662,"com.adobe.flexide.launching",1302542980731
started,bundle,com.adobe.flexide.mxml.core,4.0.1.277662,"com.adobe.flexide.mxml.core",1302542980732
started,bundle,com.adobe.flexide.nativelibs,4.0.1.277662,"com.adobe.flexide.nativelibs",1302542980732
started,bundle,com.adobe.model.core,1.0.2.v20100315273147,"com.adobe.model.core",1302542980733
started,bundle,FlexPrettyPrintCommand,0.8.0,"FlexPrettyPrintCommand",1302542980734
started,bundle,de.loskutov.anyedit.AnyEditTools,2.3.4.201012191830,"de.loskutov.anyedit.AnyEditTools",1302542980734
started,bundle,org.maven.ide.eclipse,0.12.1.20110112-1712,"org.maven.ide.eclipse",1302542980734
started,bundle,org.maven.ide.eclipse.maven_model_edit,0.12.1.20110112-1712,"org.maven.ide.eclipse.maven_model_edit",1302542980735
os,sysinfo,,,"macosx",1302542980737
arch,sysinfo,,,"x86",1302542980737
ws,sysinfo,,,"carbon",1302542980737
locale,sysinfo,,,"en_US",1302542980737
processors,sysinfo,,,"8",1302542980737
java.runtime.name,sysinfo,,,"Java(TM) SE Runtime Environment",1302542980737
java.runtime.version,sysinfo,,,"1.6.0_24-b07-334-10M3326",1302542980737
java.specification.name,sysinfo,,,"Java Platform API Specification",1302542980737
java.specification.vendor,sysinfo,,,"Sun Microsystems Inc.",1302542980737
java.specification.version,sysinfo,,,"1.6",1302542980737
java.vendor,sysinfo,,,"Apple Inc.",1302542980737
java.version,sysinfo,,,"1.6.0_24",1302542980737
java.vm.info,sysinfo,,,"mixed mode",1302542980737
java.vm.name,sysinfo,,,"Java HotSpot(TM) Client VM",1302542980737
java.vm.specification.name,sysinfo,,,"Java Virtual Machine Specification",1302542980737
java.vm.specification.vendor,sysinfo,,,"Sun Microsystems Inc.",1302542980737
java.vm.specification.version,sysinfo,,,"1.0",1302542980737
java.vm.vendor,sysinfo,,,"Apple Inc.",1302542980737
java.vm.version,sysinfo,,,"19.1-b02-334",1302542980737
opened,view,org.eclipse.ui.console,3.4.0.v20090513,"org.eclipse.ui.console.ConsoleView",1302542980781
activated,view,org.eclipse.ui.navigator.resources,3.4.1.M20090826-0800,"org.eclipse.ui.navigator.ProjectExplorer",1302542980801
activated,workbench,org.eclipse.ui.workbench,3.5.2.M20100113-0800,"",1302542981900
deactivated,workbench,org.eclipse.ui.workbench,3.5.2.M20100113-0800,"",1302542998630
activated,workbench,org.eclipse.ui.workbench,3.5.2.M20100113-0800,"",1302543009462
closed,workbench,org.eclipse.ui.workbench,3.5.2.M20100113-0800,"",1302543009531
stopped,bundle,org.eclipse.jst.ws.axis.creation.ui,1.0.406.v200903031852,"org.eclipse.jst.ws.axis.creation.ui",1302543009740
stopped,bundle,org.eclipse.jst.ws.axis.consumption.ui,1.0.405.v200901261650,"org.eclipse.jst.ws.axis.consumption.ui",1302543009741
stopped,bundle,org.eclipse.jst.ws.axis.consumption.core,1.0.306.v200810082309,"org.eclipse.jst.ws.axis.consumption.core",1302543009742
stopped,bundle,org.eclipse.jst.ws.axis2.creation.ui,1.0.103.v200807162242,"org.eclipse.jst.ws.axis2.creation.ui",1302543009743
stopped,bundle,org.eclipse.jst.ws.axis2.consumption.ui,1.0.102.v200807232000,"org.eclipse.jst.ws.axis2.consumption.ui",1302543009744
stopped,bundle,org.eclipse.jst.ws.axis2.creation.core,1.0.105.v200901220134,"org.eclipse.jst.ws.axis2.creation.core",1302543009745
stopped,bundle,org.eclipse.jst.ws.axis2.consumption.core,1.0.104.v200810151442,"org.eclipse.jst.ws.axis2.consumption.core",1302543009746
stopped,bundle,org.eclipse.jst.ws.axis2.ui,1.0.302.v200905260749,"org.eclipse.jst.ws.axis2.ui",1302543009746
stopped,bundle,org.eclipse.jst.ws.axis2.core,1.0.104.v200810151442,"org.eclipse.jst.ws.axis2.core",1302543009748
stopped,bundle,org.eclipse.jst.ws.creation.ui,1.0.409.v200911241856,"org.eclipse.jst.ws.creation.ui",1302543009749
stopped,bundle,org.eclipse.jst.ws.consumption.ui,1.1.106.v200911241851,"org.eclipse.jst.ws.consumption.ui",1302543009751
stopped,bundle,org.eclipse.jst.ws.consumption,1.0.408.v200911241817,"org.eclipse.jst.ws.consumption",1302543009753
stopped,bundle,org.eclipse.jst.ws.uddiregistry,1.0.400.v200901261650,"org.eclipse.jst.ws.uddiregistry",1302543009754
stopped,bundle,org.eclipse.jst.ws.ui,1.0.402.v200903111822,"org.eclipse.jst.ws.ui",1302543009755
stopped,bundle,org.eclipse.jst.ws,1.0.407.v200905191120,"org.eclipse.jst.ws",1302543009756
stopped,bundle,org.eclipse.wst.ws.explorer,1.0.408.v200911241806,"org.eclipse.wst.ws.explorer",1302543009758
stopped,bundle,org.eclipse.wst.wsdl.ui,1.2.202.v200904271449,"org.eclipse.wst.wsdl.ui",1302543009760
stopped,bundle,org.eclipse.wst.ws.ui,1.1.100.v200903112221,"org.eclipse.wst.ws.ui",1302543009761
stopped,bundle,org.eclipse.wst.wsi.ui,1.0.500.v200901141851,"org.eclipse.wst.wsi.ui",1302543009763
stopped,bundle,org.eclipse.wst.wsi,1.0.305.v200902181431,"org.eclipse.wst.wsi",1302543009766
stopped,bundle,org.eclipse.wst.ws,1.1.103.v200903111822,"org.eclipse.wst.ws",1302543009767
stopped,bundle,org.eclipse.jst.j2ee.webservice.ui,1.1.300.v200902052230,"org.eclipse.jst.j2ee.webservice.ui",1302543009768
stopped,bundle,org.eclipse.jst.j2ee.webservice,1.1.300.v200901220600,"org.eclipse.jst.j2ee.webservice",1302543009768
stopped,bundle,org.eclipse.wst.ws.parser,1.0.402.v200901220107,"org.eclipse.wst.ws.parser",1302543009769
stopped,bundle,commonj.sdo,2.1.1.v200905221342,"commonj.sdo",1302543009770
stopped,bundle,org.eclipse.datatools.enablement.oda.ws.ui,1.2.2.v201001260400,"org.eclipse.datatools.enablement.oda.ws.ui",1302543009771
stopped,bundle,org.eclipse.datatools.enablement.oda.ws,1.2.2.v201001131420,"org.eclipse.datatools.enablement.oda.ws",1302543009772
stopped,bundle,org.eclipse.wst.wsdl,1.2.2.v200911111930,"org.eclipse.wst.wsdl",1302543009773
stopped,bundle,org.eclipse.wst.wsdl.validation,1.1.402.v200911251542,"org.eclipse.wst.wsdl.validation",1302543009775
stopped,bundle,org.eclipse.wst.xsl.jaxp.debug.ui,1.0.0.v200904240436,"org.eclipse.wst.xsl.jaxp.debug.ui",1302543009776
stopped,bundle,org.eclipse.wst.xsl.ui,1.0.100.v200907172129,"org.eclipse.wst.xsl.ui",1302543009777
stopped,bundle,org.eclipse.wst.xml.xpath.ui,1.0.0.v200904240436,"org.eclipse.wst.xml.xpath.ui",1302543009777
stopped,bundle,org.eclipse.wst.xsl.debug.ui,1.0.0.v200904240436,"org.eclipse.wst.xsl.debug.ui",1302543009778
stopped,bundle,org.eclipse.wst.xsl.jaxp.launching,1.0.0.v200904240436,"org.eclipse.wst.xsl.jaxp.launching",1302543009779
stopped,bundle,org.eclipse.wst.xsl.launching,1.0.0.v200904241348,"org.eclipse.wst.xsl.launching",1302543009780
stopped,bundle,org.eclipse.wst.xsl.core,1.0.1.v200908101420,"org.eclipse.wst.xsl.core",1302543009781
stopped,bundle,org.eclipse.datatools.enablement.oda.xml.ui,1.2.1.v201001191820,"org.eclipse.datatools.enablement.oda.xml.ui",1302543009781
stopped,bundle,org.eclipse.datatools.enablement.oda.xml,1.2.1.v201001151620,"org.eclipse.datatools.enablement.oda.xml",1302543009781
stopped,bundle,org.eclipse.jst.jsf.apache.trinidad.tagsupport,1.1.0.v20090525,"org.eclipse.jst.jsf.apache.trinidad.tagsupport",1302543009782
stopped,bundle,org.eclipse.jst.jsf.facesconfig.ui,1.1.6.v20100203,"org.eclipse.jst.jsf.facesconfig.ui",1302543009785
stopped,bundle,org.eclipse.jst.jsf.ui,1.2.3.v201001271707,"org.eclipse.jst.jsf.ui",1302543009786
stopped,bundle,org.eclipse.jst.pagedesigner.jsf.ui,1.1.4.v20100203,"org.eclipse.jst.pagedesigner.jsf.ui",1302543009788
stopped,bundle,org.eclipse.jst.pagedesigner,1.2.3.v20100211,"org.eclipse.jst.pagedesigner",1302543009791
stopped,bundle,org.eclipse.jst.jsf.core,1.2.5.v201001271707,"org.eclipse.jst.jsf.core",1302543009791
stopped,bundle,org.eclipse.jst.jsf.common.ui,1.1.1.v20081209,"org.eclipse.jst.jsf.common.ui",1302543009794
stopped,bundle,org.eclipse.jst.jsf.standard.tagsupport,1.1.205.v201002101327,"org.eclipse.jst.jsf.standard.tagsupport",1302543009796
stopped,bundle,org.eclipse.jst.pagedesigner.jsp.core,1.1.3.v201002111131,"org.eclipse.jst.pagedesigner.jsp.core",1302543009797
stopped,bundle,org.eclipse.jst.jsf.common,1.1.9.v201001271707,"org.eclipse.jst.jsf.common",1302543009797
stopped,bundle,org.eclipse.wst.jsdt.web.support.jsp,1.0.200.v200904140255,"org.eclipse.wst.jsdt.web.support.jsp",1302543009798
stopped,bundle,org.eclipse.jst.jsp.ui,1.1.401.v200908111935,"org.eclipse.jst.jsp.ui",1302543009799
stopped,bundle,org.eclipse.jst.jsp.core,1.2.204.v201001270045,"org.eclipse.jst.jsp.core",1302543009801
stopped,bundle,org.eclipse.wst.jsdt.web.ui,1.0.201.v2010012803,"org.eclipse.wst.jsdt.web.ui",1302543009803
stopped,bundle,org.eclipse.jpt.eclipselink.ui,1.2.0.v200905310000,"org.eclipse.jpt.eclipselink.ui",1302543009805
stopped,bundle,org.eclipse.jpt.ui,2.2.2.v200911250220,"org.eclipse.jpt.ui",1302543009809
stopped,bundle,org.eclipse.jst.j2ee.ejb.annotations.ui,1.1.102.v200805140020,"org.eclipse.jst.j2ee.ejb.annotations.ui",1302543009810
stopped,bundle,org.eclipse.jst.ejb.ui,1.1.301.v200908131325,"org.eclipse.jst.ejb.ui",1302543009812
stopped,bundle,org.eclipse.jst.servlet.ui,1.1.301.v200908101600,"org.eclipse.jst.servlet.ui",1302543009813
stopped,bundle,org.eclipse.jst.jee.ui,1.0.201.v201002021208,"org.eclipse.jst.jee.ui",1302543009813
stopped,bundle,org.eclipse.jst.j2ee.navigator.ui,1.1.301.v201001252130,"org.eclipse.jst.j2ee.navigator.ui",1302543009814
stopped,bundle,org.eclipse.jst.j2ee.jca.ui,1.1.300.v200809052300,"org.eclipse.jst.j2ee.jca.ui",1302543009815
stopped,bundle,org.eclipse.jst.j2ee.ui,1.1.301.v201001252130,"org.eclipse.jst.j2ee.ui",1302543009815
stopped,bundle,org.eclipse.wst.web.ui,1.1.301.v201001252130,"org.eclipse.wst.web.ui",1302543009815
stopped,bundle,org.eclipse.wst.html.ui,1.0.401.v200908111935,"org.eclipse.wst.html.ui",1302543009817
stopped,bundle,org.eclipse.wst.css.ui,1.0.401.v200907171457,"org.eclipse.wst.css.ui",1302543009818
stopped,bundle,org.eclipse.wst.jsdt.web.core,1.0.201.v201001221931,"org.eclipse.wst.jsdt.web.core",1302543009819
stopped,bundle,org.eclipse.wst.html.core,1.1.300.v200903120608,"org.eclipse.wst.html.core",1302543009821
stopped,bundle,org.eclipse.wst.css.core,1.1.301.v200910161432,"org.eclipse.wst.css.core",1302543009823
stopped,bundle,org.eclipse.jpt.eclipselink.core,1.2.0.v200905310000,"org.eclipse.jpt.eclipselink.core",1302543009823
